<?xml version="1.0" encoding="UTF-8"?>
<!--
    JBoss, Home of Professional Open Source
    Copyright 2015, Red Hat, Inc. and/or its affiliates, and individual
    contributors by the @authors tag. See the copyright.txt in the
    distribution for a full listing of individual contributors.

    Licensed under the Apache License, Version 2.0 (the "License");
    you may not use this file except in compliance with the License.
    You may obtain a copy of the License at
    http://www.apache.org/licenses/LICENSE-2.0
    Unless required by applicable law or agreed to in writing, software
    distributed under the License is distributed on an "AS IS" BASIS,
    WITHOUT WARRANTIES OR CONDITIONS OF ANY KIND, either express or implied.
    See the License for the specific language governing permissions and
    limitations under the License.
-->
<beans xmlns="http://www.springframework.org/schema/beans"
   xmlns:xsi="http://www.w3.org/2001/XMLSchema-instance"
   xmlns:context="http://www.springframework.org/schema/context"
   xmlns:jee="http://www.springframework.org/schema/jee"
   xmlns:jdbc="http://www.springframework.org/schema/jdbc"
   xmlns:tx="http://www.springframework.org/schema/tx"
   xsi:schemaLocation="http://www.springframework.org/schema/beans http://www.springframework.org/schema/beans/spring-beans.xsd
        http://www.springframework.org/schema/context http://www.springframework.org/schema/context/spring-context.xsd
        http://www.springframework.org/schema/jee http://www.springframework.org/schema/jee/spring-jee.xsd
        http://www.springframework.org/schema/tx http://www.springframework.org/schema/tx/spring-tx.xsd
        http://www.springframework.org/schema/jdbc http://www.springframework.org/schema/jdbc/spring-jdbc.xsd">

   <!-- Scan the the domain package for Spring repositories and services -->
   <context:component-scan base-package="org.jboss.spring.quickstarts.greeter.greeter_spring.domain" />

   <!-- Look up the database in JNDI -->
   <jee:jndi-lookup jndi-name="java:jboss/datasources/GreeterSpringQuickstartDS" id="dataSource"
      expected-type="javax.sql.DataSource" />

   <!-- Look up the container deployed EntityManager -->
   <jee:jndi-lookup jndi-name="java:comp/env/hello/EntityManager"
      id="entityManager" expected-type="javax.persistence.EntityManager" />

   <!-- Use JTA transactions with the container-deployed EntityManager -->
   <tx:jta-transaction-manager />

   <!-- Use declarative transactions on the services -->
   <tx:annotation-driven />

   <!--
      Initialize the database. Used for a proof-of-concept only.
      In a production application,  the tables and data are already
      existing, so you should disable this definition.
   -->
   <jdbc:initialize-database data-source="dataSource">
      <jdbc:script location="classpath*:init-db.sql" />
   </jdbc:initialize-database>

</beans>
